test_type,avg_pass_rate,std_pass_rate,flakiness_index,total_runs,valid_runs,duration
stable_only,1.0,0.0,0.0,45,45,23.83261203765869
randomness,0.40222222222222226,0.19943129018830733,0.49582364963943804,45,45,26.64802598953247
timeout,0.6644444444444443,0.1765792935583905,0.2657547896363737,45,45,53.30835318565369
order,0.11111111111111108,2.7755575615628914e-17,2.498001805406603e-16,45,45,27.622815132141113
external,0.7728395061728395,0.2500541017515489,0.32355243197884126,45,45,48.72847509384155
race,0.7238095238095238,0.1393213222697885,0.19248340576747094,45,45,34.18455195426941
all_flaky,0.5427160493827159,0.05392447879395041,0.09936039086237454,45,45,99.78395104408264
