strategy,avg_pass_rate,std_pass_rate,avg_execution_time,total_runs,valid_runs,duration
retries,0.551111111111111,0.05806197908819386,2.044804048538208,15,15,30.700791120529175
mocking,0.6874074074074074,0.026251918735806436,0.7250044027964274,15,15,10.919445037841797
isolation,0.708148148148148,0.05374328043619869,1.9463662465413412,15,15,29.224569082260132
combined,0.8622222222222224,0.02948110924760354,1.2594884713490804,15,15,18.93185305595398
